operation,data_type,workload_size,view_layout,stride,phase,scheduler,requested_scheduler,numerical_policy,evaluation_order,accumulation_algorithm,canonical_plan,worker_budget,actual_workers,samples,median_ms,p95_ms,p99_ms,minimum_ms,maximum_ms,median_absolute_error,median_relative_error,execution_valid,reference_accuracy_pass,reproducibility_pass,route_authentication_pass,numerical_capability_pass,unique_result_digests
axpy,double,1024,contiguous,1,first_call,Sequential,ThreadPool,Accurate,canonical-pointwise,fixed_pointwise_expression,canonical-pointwise-v1-target4096,8,1,1,0.0395,0.0395,0.0395,0.0395,0.0395,0.0,0.0,True,True,True,True,True,1
axpy,double,1024,contiguous,1,first_call,Sequential,ThreadPool,Reproducible,canonical-pointwise,fixed_pointwise_expression,canonical-pointwise-v1-target4096,8,1,1,0.0423,0.0423,0.0423,0.0423,0.0423,0.0,0.0,True,True,True,True,True,1
axpy,double,1024,contiguous,1,first_call,ThreadPool,ThreadPool,Fast,adaptive,native,none,8,8,1,0.0441,0.0441,0.0441,0.0441,0.0441,0.0,0.0,True,True,True,True,True,1
axpy,double,1024,contiguous,1,stable,Sequential,ThreadPool,Accurate,canonical-pointwise,fixed_pointwise_expression,canonical-pointwise-v1-target4096,8,1,31,0.0396,0.04085,0.04202,0.0395,0.0425,0.0,0.0,True,True,True,True,True,1
axpy,double,1024,contiguous,1,stable,Sequential,ThreadPool,Reproducible,canonical-pointwise,fixed_pointwise_expression,canonical-pointwise-v1-target4096,8,1,31,0.0396,0.04245,0.043039999999999995,0.0395,0.0431,0.0,0.0,True,True,True,True,True,1
axpy,double,1024,contiguous,1,stable,ThreadPool,ThreadPool,Fast,adaptive,native,none,8,8,31,0.0387,0.07455,0.08901,0.0325,0.0918,0.0,0.0,True,True,True,True,True,1
axpy,double,1048576,contiguous,1,first_call,ThreadPool,ThreadPool,Accurate,canonical-pointwise,fixed_pointwise_expression,canonical-pointwise-v1-target4096,8,8,1,4.6923,4.6923,4.6923,4.6923,4.6923,0.0,0.0,True,True,True,True,True,1
axpy,double,1048576,contiguous,1,first_call,ThreadPool,ThreadPool,Fast,adaptive,native,none,8,8,1,5.0212,5.0212,5.0212,5.0212,5.0212,0.0,0.0,True,True,True,True,True,1
axpy,double,1048576,contiguous,1,first_call,ThreadPool,ThreadPool,Reproducible,canonical-pointwise,fixed_pointwise_expression,canonical-pointwise-v1-target4096,8,8,1,4.8827,4.8827,4.8827,4.8827,4.8827,0.0,0.0,True,True,True,True,True,1
axpy,double,1048576,contiguous,1,stable,ThreadPool,ThreadPool,Accurate,canonical-pointwise,fixed_pointwise_expression,canonical-pointwise-v1-target4096,8,8,31,4.7259,6.950749999999999,6.996829999999999,4.674,7.0103,0.0,0.0,True,True,True,True,True,1
axpy,double,1048576,contiguous,1,stable,ThreadPool,ThreadPool,Fast,adaptive,native,none,8,8,31,4.9061,7.06595,7.9878599999999995,4.6996,8.3649,0.0,0.0,True,True,True,True,True,1
axpy,double,1048576,contiguous,1,stable,ThreadPool,ThreadPool,Reproducible,canonical-pointwise,fixed_pointwise_expression,canonical-pointwise-v1-target4096,8,8,31,4.8606,7.018,8.579619999999998,4.6862,9.2428,0.0,0.0,True,True,True,True,True,1
axpy,double,65536,contiguous,1,first_call,ThreadPool,ThreadPool,Accurate,canonical-pointwise,fixed_pointwise_expression,canonical-pointwise-v1-target4096,8,8,1,0.4597,0.4597,0.4597,0.4597,0.4597,0.0,0.0,True,True,True,True,True,1
axpy,double,65536,contiguous,1,first_call,ThreadPool,ThreadPool,Fast,adaptive,native,none,8,8,1,0.3384,0.3384,0.3384,0.3384,0.3384,0.0,0.0,True,True,True,True,True,1
axpy,double,65536,contiguous,1,first_call,ThreadPool,ThreadPool,Reproducible,canonical-pointwise,fixed_pointwise_expression,canonical-pointwise-v1-target4096,8,8,1,0.3265,0.3265,0.3265,0.3265,0.3265,0.0,0.0,True,True,True,True,True,1
axpy,double,65536,contiguous,1,stable,ThreadPool,ThreadPool,Accurate,canonical-pointwise,fixed_pointwise_expression,canonical-pointwise-v1-target4096,8,8,31,0.4647,0.6038,0.6053,0.4537,0.6056,0.0,0.0,True,True,True,True,True,1
axpy,double,65536,contiguous,1,stable,ThreadPool,ThreadPool,Fast,adaptive,native,none,8,8,31,0.3338,0.35265,0.43482999999999994,0.3235,0.466,0.0,0.0,True,True,True,True,True,1
axpy,double,65536,contiguous,1,stable,ThreadPool,ThreadPool,Reproducible,canonical-pointwise,fixed_pointwise_expression,canonical-pointwise-v1-target4096,8,8,31,0.3352,0.47155,0.5607999999999999,0.3238,0.5989,0.0,0.0,True,True,True,True,True,1
axpy_direct_sequential,double,1024,contiguous,1,first_call,DirectSequential,Auto,Fast,adaptive,native,none,1,1,1,0.0005,0.0005,0.0005,0.0005,0.0005,0.0,0.0,True,True,True,True,True,1
axpy_direct_sequential,double,1024,contiguous,1,stable,DirectSequential,Auto,Fast,adaptive,native,none,1,1,31,0.0005,0.0006,0.0006,0.0005,0.0006,0.0,0.0,True,True,True,True,True,1
axpy_direct_sequential,double,1048576,contiguous,1,first_call,DirectSequential,Auto,Fast,adaptive,native,none,1,1,1,1.3962,1.3962,1.3962,1.3962,1.3962,0.0,0.0,True,True,True,True,True,1
axpy_direct_sequential,double,1048576,contiguous,1,stable,DirectSequential,Auto,Fast,adaptive,native,none,1,1,31,1.3834,1.42605,1.47153,1.3512,1.4865,0.0,0.0,True,True,True,True,True,1
axpy_direct_sequential,double,65536,contiguous,1,first_call,DirectSequential,Auto,Fast,adaptive,native,none,1,1,1,0.0479,0.0479,0.0479,0.0479,0.0479,0.0,0.0,True,True,True,True,True,1
axpy_direct_sequential,double,65536,contiguous,1,stable,DirectSequential,Auto,Fast,adaptive,native,none,1,1,31,0.0337,0.0376,0.04179,0.0332,0.0432,0.0,0.0,True,True,True,True,True,1
axpy_pointwise_matrix,double,262144,contiguous,1,first_call,Sequential,StaticThread,Reproducible,canonical-pointwise,fixed_pointwise_expression,canonical-pointwise-v1-target4096,1,1,1,9.2035,9.2035,9.2035,9.2035,9.2035,0.0,0.0,True,True,True,True,True,1
axpy_pointwise_matrix,double,262144,contiguous,1,first_call,Sequential,ThreadPool,Reproducible,canonical-pointwise,fixed_pointwise_expression,canonical-pointwise-v1-target4096,1,1,1,9.1622,9.1622,9.1622,9.1622,9.1622,0.0,0.0,True,True,True,True,True,1
axpy_pointwise_matrix,double,262144,contiguous,1,first_call,Sequential,oneTBB,Reproducible,canonical-pointwise,fixed_pointwise_expression,canonical-pointwise-v1-target4096,1,1,1,9.1427,9.1427,9.1427,9.1427,9.1427,0.0,0.0,True,True,True,True,True,1
axpy_pointwise_matrix,double,262144,contiguous,1,first_call,StaticThread,StaticThread,Reproducible,canonical-pointwise,fixed_pointwise_expression,canonical-pointwise-v1-target4096,2,2,1,5.9225,5.9225,5.9225,5.9225,5.9225,0.0,0.0,True,True,True,True,True,1
axpy_pointwise_matrix,double,262144,contiguous,1,first_call,StaticThread,StaticThread,Reproducible,canonical-pointwise,fixed_pointwise_expression,canonical-pointwise-v1-target4096,4,4,1,2.6234,2.6234,2.6234,2.6234,2.6234,0.0,0.0,True,True,True,True,True,1
axpy_pointwise_matrix,double,262144,contiguous,1,first_call,StaticThread,StaticThread,Reproducible,canonical-pointwise,fixed_pointwise_expression,canonical-pointwise-v1-target4096,8,8,1,2.1643,2.1643,2.1643,2.1643,2.1643,0.0,0.0,True,True,True,True,True,1
axpy_pointwise_matrix,double,262144,contiguous,1,first_call,ThreadPool,ThreadPool,Reproducible,canonical-pointwise,fixed_pointwise_expression,canonical-pointwise-v1-target4096,2,2,1,5.0816,5.0816,5.0816,5.0816,5.0816,0.0,0.0,True,True,True,True,True,1
axpy_pointwise_matrix,double,262144,contiguous,1,first_call,ThreadPool,ThreadPool,Reproducible,canonical-pointwise,fixed_pointwise_expression,canonical-pointwise-v1-target4096,4,4,1,2.2633,2.2633,2.2633,2.2633,2.2633,0.0,0.0,True,True,True,True,True,1
axpy_pointwise_matrix,double,262144,contiguous,1,first_call,ThreadPool,ThreadPool,Reproducible,canonical-pointwise,fixed_pointwise_expression,canonical-pointwise-v1-target4096,8,8,1,1.2505,1.2505,1.2505,1.2505,1.2505,0.0,0.0,True,True,True,True,True,1
axpy_pointwise_matrix,double,262144,contiguous,1,first_call,oneTBB,oneTBB,Reproducible,canonical-pointwise,fixed_pointwise_expression,canonical-pointwise-v1-target4096,2,2,1,4.7369,4.7369,4.7369,4.7369,4.7369,0.0,0.0,True,True,True,True,True,1
axpy_pointwise_matrix,double,262144,contiguous,1,first_call,oneTBB,oneTBB,Reproducible,canonical-pointwise,fixed_pointwise_expression,canonical-pointwise-v1-target4096,4,4,1,2.9669,2.9669,2.9669,2.9669,2.9669,0.0,0.0,True,True,True,True,True,1
axpy_pointwise_matrix,double,262144,contiguous,1,first_call,oneTBB,oneTBB,Reproducible,canonical-pointwise,fixed_pointwise_expression,canonical-pointwise-v1-target4096,8,8,1,1.2057,1.2057,1.2057,1.2057,1.2057,0.0,0.0,True,True,True,True,True,1
axpy_pointwise_matrix,double,262144,contiguous,1,stable,Sequential,StaticThread,Reproducible,canonical-pointwise,fixed_pointwise_expression,canonical-pointwise-v1-target4096,1,1,31,9.1081,9.1764,9.2653,8.8043,9.2926,0.0,0.0,True,True,True,True,True,1
axpy_pointwise_matrix,double,262144,contiguous,1,stable,Sequential,ThreadPool,Reproducible,canonical-pointwise,fixed_pointwise_expression,canonical-pointwise-v1-target4096,1,1,31,8.9393,9.142299999999999,9.146090000000001,8.7951,9.1475,0.0,0.0,True,True,True,True,True,1
axpy_pointwise_matrix,double,262144,contiguous,1,stable,Sequential,oneTBB,Reproducible,canonical-pointwise,fixed_pointwise_expression,canonical-pointwise-v1-target4096,1,1,31,9.0639,9.09595,9.1084,8.883,9.1105,0.0,0.0,True,True,True,True,True,1
axpy_pointwise_matrix,double,262144,contiguous,1,stable,StaticThread,StaticThread,Reproducible,canonical-pointwise,fixed_pointwise_expression,canonical-pointwise-v1-target4096,2,2,31,4.7423,4.85135,5.034839999999999,4.6889,5.0991,0.0,0.0,True,True,True,True,True,1
axpy_pointwise_matrix,double,262144,contiguous,1,stable,StaticThread,StaticThread,Reproducible,canonical-pointwise,fixed_pointwise_expression,canonical-pointwise-v1-target4096,4,4,31,2.5866,2.6341,2.6432599999999997,2.5611,2.6441,0.0,0.0,True,True,True,True,True,1
axpy_pointwise_matrix,double,262144,contiguous,1,stable,StaticThread,StaticThread,Reproducible,canonical-pointwise,fixed_pointwise_expression,canonical-pointwise-v1-target4096,8,8,31,1.6304,1.84395,2.3605499999999995,1.5919,2.5269,0.0,0.0,True,True,True,True,True,1
axpy_pointwise_matrix,double,262144,contiguous,1,stable,ThreadPool,ThreadPool,Reproducible,canonical-pointwise,fixed_pointwise_expression,canonical-pointwise-v1-target4096,2,2,31,4.4977,4.96435,5.10515,4.4426,5.1482,0.0,0.0,True,True,True,True,True,1
axpy_pointwise_matrix,double,262144,contiguous,1,stable,ThreadPool,ThreadPool,Reproducible,canonical-pointwise,fixed_pointwise_expression,canonical-pointwise-v1-target4096,4,4,31,2.2885,2.4507,2.65855,2.2543,2.71,0.0,0.0,True,True,True,True,True,1
axpy_pointwise_matrix,double,262144,contiguous,1,stable,ThreadPool,ThreadPool,Reproducible,canonical-pointwise,fixed_pointwise_expression,canonical-pointwise-v1-target4096,8,8,31,1.1973,1.49725,1.75223,1.1748,1.754,0.0,0.0,True,True,True,True,True,1
axpy_pointwise_matrix,double,262144,contiguous,1,stable,oneTBB,oneTBB,Reproducible,canonical-pointwise,fixed_pointwise_expression,canonical-pointwise-v1-target4096,2,2,31,4.4685,4.53055,4.56009,4.4115,4.5615,0.0,0.0,True,True,True,True,True,1
axpy_pointwise_matrix,double,262144,contiguous,1,stable,oneTBB,oneTBB,Reproducible,canonical-pointwise,fixed_pointwise_expression,canonical-pointwise-v1-target4096,4,4,31,2.3258,2.3473499999999996,2.36423,2.3147,2.3711,0.0,0.0,True,True,True,True,True,1
axpy_pointwise_matrix,double,262144,contiguous,1,stable,oneTBB,oneTBB,Reproducible,canonical-pointwise,fixed_pointwise_expression,canonical-pointwise-v1-target4096,8,8,31,1.2033,1.7905,1.79885,1.1892,1.799,0.0,0.0,True,True,True,True,True,1
axpy_strided,double,65536,strided,3,first_call,ThreadPool,ThreadPool,Accurate,canonical-pointwise,fixed_pointwise_expression,canonical-pointwise-v1-target4096,8,8,1,0.3402,0.3402,0.3402,0.3402,0.3402,0.0,0.0,True,True,True,True,True,1
axpy_strided,double,65536,strided,3,first_call,ThreadPool,ThreadPool,Fast,adaptive,native,none,8,8,1,0.3373,0.3373,0.3373,0.3373,0.3373,0.0,0.0,True,True,True,True,True,1
axpy_strided,double,65536,strided,3,first_call,ThreadPool,ThreadPool,Reproducible,canonical-pointwise,fixed_pointwise_expression,canonical-pointwise-v1-target4096,8,8,1,0.3399,0.3399,0.3399,0.3399,0.3399,0.0,0.0,True,True,True,True,True,1
axpy_strided,double,65536,strided,3,stable,ThreadPool,ThreadPool,Accurate,canonical-pointwise,fixed_pointwise_expression,canonical-pointwise-v1-target4096,8,8,31,0.3346,0.36455000000000004,0.4476899999999999,0.3281,0.4767,0.0,0.0,True,True,True,True,True,1
axpy_strided,double,65536,strided,3,stable,ThreadPool,ThreadPool,Fast,adaptive,native,none,8,8,31,0.3339,0.36375,0.37537,0.3222,0.3781,0.0,0.0,True,True,True,True,True,1
axpy_strided,double,65536,strided,3,stable,ThreadPool,ThreadPool,Reproducible,canonical-pointwise,fixed_pointwise_expression,canonical-pointwise-v1-target4096,8,8,31,0.3363,0.3607,0.4390699999999999,0.3283,0.4724,0.0,0.0,True,True,True,True,True,1
dot,double,1024,contiguous,1,first_call,Sequential,ThreadPool,Accurate,canonical-reduction,compensated,canonical-neumaier-v1-leaf1024,8,1,1,0.0293,0.0293,0.0293,0.0293,0.0293,0.0,0.0,True,True,True,True,True,1
dot,double,1024,contiguous,1,first_call,Sequential,ThreadPool,Reproducible,canonical-reduction,pairwise,canonical-pairwise-v1-leaf1024,8,1,1,0.0293,0.0293,0.0293,0.0293,0.0293,0.0,0.0,True,True,True,True,True,1
dot,double,1024,contiguous,1,first_call,ThreadPool,ThreadPool,Fast,adaptive,native,none,8,8,1,0.0457,0.0457,0.0457,0.0457,0.0457,7.105427357601002e-15,1.7707403121884458e-16,True,True,True,True,True,1
dot,double,1024,contiguous,1,stable,Sequential,ThreadPool,Accurate,canonical-reduction,compensated,canonical-neumaier-v1-leaf1024,8,1,31,0.0279,0.0311,0.03238,0.0278,0.0328,0.0,0.0,True,True,True,True,True,1
dot,double,1024,contiguous,1,stable,Sequential,ThreadPool,Reproducible,canonical-reduction,pairwise,canonical-pairwise-v1-leaf1024,8,1,31,0.0279,0.02875,0.02917,0.0278,0.0292,0.0,0.0,True,True,True,True,True,1
dot,double,1024,contiguous,1,stable,ThreadPool,ThreadPool,Fast,adaptive,native,none,8,8,31,0.0374,0.06465,0.07912,0.0315,0.0799,7.105427357601002e-15,1.7707403121884458e-16,True,True,True,True,True,1
dot,double,1048576,contiguous,1,first_call,ThreadPool,ThreadPool,Accurate,canonical-reduction,compensated,canonical-neumaier-v1-leaf1024,8,8,1,3.2765,3.2765,3.2765,3.2765,3.2765,3.026798367500305e-09,3.0098302620622934e-14,True,True,True,True,True,1
dot,double,1048576,contiguous,1,first_call,ThreadPool,ThreadPool,Fast,adaptive,native,none,8,8,1,3.1239,3.1239,3.1239,3.1239,3.1239,2.9976945370435715e-09,2.980889586465541e-14,True,True,True,True,True,1
dot,double,1048576,contiguous,1,first_call,ThreadPool,ThreadPool,Reproducible,canonical-reduction,pairwise,canonical-pairwise-v1-leaf1024,8,8,1,3.1117,3.1117,3.1117,3.1117,3.1117,3.0122464522719383e-09,2.995359924263917e-14,True,True,True,True,True,1
dot,double,1048576,contiguous,1,stable,ThreadPool,ThreadPool,Accurate,canonical-reduction,compensated,canonical-neumaier-v1-leaf1024,8,8,31,4.0106,5.793950000000001,6.3269400000000005,3.2489,6.3351,3.026798367500305e-09,3.0098302620622934e-14,True,True,True,True,True,1
dot,double,1048576,contiguous,1,stable,ThreadPool,ThreadPool,Fast,adaptive,native,none,8,8,31,3.1878,4.62875,4.63161,3.0996,4.6317,2.9976945370435715e-09,2.980889586465541e-14,True,True,True,True,True,1
dot,double,1048576,contiguous,1,stable,ThreadPool,ThreadPool,Reproducible,canonical-reduction,pairwise,canonical-pairwise-v1-leaf1024,8,8,31,3.2153,4.658049999999999,4.67968,3.1218,4.6885,3.0122464522719383e-09,2.995359924263917e-14,True,True,True,True,True,1
dot,double,65536,contiguous,1,first_call,ThreadPool,ThreadPool,Accurate,canonical-reduction,compensated,canonical-neumaier-v1-leaf1024,8,8,1,0.2429,0.2429,0.2429,0.2429,0.2429,3.2741809263825417e-11,4.445509493654717e-15,True,True,True,True,True,1
dot,double,65536,contiguous,1,first_call,ThreadPool,ThreadPool,Fast,adaptive,native,none,8,8,1,0.243,0.243,0.243,0.243,0.243,2.9103830456733704e-11,3.951563994359748e-15,True,True,True,True,True,1
dot,double,65536,contiguous,1,first_call,ThreadPool,ThreadPool,Reproducible,canonical-reduction,pairwise,canonical-pairwise-v1-leaf1024,8,8,1,0.265,0.265,0.265,0.265,0.265,3.092281986027956e-11,4.198536744007232e-15,True,True,True,True,True,1
dot,double,65536,contiguous,1,stable,ThreadPool,ThreadPool,Accurate,canonical-reduction,compensated,canonical-neumaier-v1-leaf1024,8,8,31,0.2449,0.259,0.26727,0.2327,0.2676,3.2741809263825417e-11,4.445509493654717e-15,True,True,True,True,True,1
dot,double,65536,contiguous,1,stable,ThreadPool,ThreadPool,Fast,adaptive,native,none,8,8,31,0.2582,0.29055,0.30415,0.2276,0.3076,2.9103830456733704e-11,3.951563994359748e-15,True,True,True,True,True,1
dot,double,65536,contiguous,1,stable,ThreadPool,ThreadPool,Reproducible,canonical-reduction,pairwise,canonical-pairwise-v1-leaf1024,8,8,31,0.2628,0.2696,0.30744,0.2329,0.3225,3.092281986027956e-11,4.198536744007232e-15,True,True,True,True,True,1
dot_adversarial,double,9000,contiguous,1,first_call,ThreadPool,ThreadPool,Accurate,canonical-reduction,compensated,canonical-neumaier-v1-leaf1024,8,8,1,0.0693,0.0693,0.0693,0.0693,0.0693,0.0,0.0,True,True,True,True,True,1
dot_adversarial,double,9000,contiguous,1,first_call,ThreadPool,ThreadPool,Fast,adaptive,native,none,8,8,1,0.0589,0.0589,0.0589,0.0589,0.0589,3000.0,1.0,True,False,True,True,True,1
dot_adversarial,double,9000,contiguous,1,first_call,ThreadPool,ThreadPool,Reproducible,canonical-reduction,pairwise,canonical-pairwise-v1-leaf1024,8,8,1,0.0702,0.0702,0.0702,0.0702,0.0702,3000.0,1.0,True,False,True,True,True,1
dot_adversarial,double,9000,contiguous,1,stable,ThreadPool,ThreadPool,Accurate,canonical-reduction,compensated,canonical-neumaier-v1-leaf1024,8,8,31,0.0716,0.07644999999999999,0.07747,0.0644,0.0775,0.0,0.0,True,True,True,True,True,1
dot_adversarial,double,9000,contiguous,1,stable,ThreadPool,ThreadPool,Fast,adaptive,native,none,8,8,31,0.0668,0.10145000000000001,0.10787,0.0592,0.11,3000.0,1.0,True,False,True,True,True,1
dot_adversarial,double,9000,contiguous,1,stable,ThreadPool,ThreadPool,Reproducible,canonical-reduction,pairwise,canonical-pairwise-v1-leaf1024,8,8,31,0.0711,0.0803,0.08557,0.0643,0.0868,3000.0,1.0,True,False,True,True,True,1
dot_direct_sequential,double,1024,contiguous,1,first_call,DirectSequential,Auto,Fast,adaptive,native,none,1,1,1,0.0008,0.0008,0.0008,0.0008,0.0008,0.0,0.0,True,True,True,True,True,1
dot_direct_sequential,double,1024,contiguous,1,stable,DirectSequential,Auto,Fast,adaptive,native,none,1,1,31,0.0008,0.0009,0.0009,0.0008,0.0009,0.0,0.0,True,True,True,True,True,1
dot_direct_sequential,double,1048576,contiguous,1,first_call,DirectSequential,Auto,Fast,adaptive,native,none,1,1,1,1.0409,1.0409,1.0409,1.0409,1.0409,0.0,0.0,True,True,True,True,True,1
dot_direct_sequential,double,1048576,contiguous,1,stable,DirectSequential,Auto,Fast,adaptive,native,none,1,1,31,0.9338,1.0342500000000001,1.03906,0.913,1.0399,0.0,0.0,True,True,True,True,True,1
dot_direct_sequential,double,65536,contiguous,1,first_call,DirectSequential,Auto,Fast,adaptive,native,none,1,1,1,0.0503,0.0503,0.0503,0.0503,0.0503,0.0,0.0,True,True,True,True,True,1
dot_direct_sequential,double,65536,contiguous,1,stable,DirectSequential,Auto,Fast,adaptive,native,none,1,1,31,0.0503,0.055,0.059840000000000004,0.0502,0.0599,0.0,0.0,True,True,True,True,True,1
dot_strided,double,65536,strided,2,first_call,ThreadPool,ThreadPool,Accurate,canonical-reduction,compensated,canonical-neumaier-v1-leaf1024,8,8,1,0.2497,0.2497,0.2497,0.2497,0.2497,5.130118552187923e-12,5.705089072483771e-14,True,True,True,True,True,1
dot_strided,double,65536,strided,2,first_call,ThreadPool,ThreadPool,Fast,adaptive,native,none,8,8,1,0.2451,0.2451,0.2451,0.2451,0.2451,3.0269120543380268e-12,3.3661605884738044e-14,True,True,True,True,True,1
dot_strided,double,65536,strided,2,first_call,ThreadPool,ThreadPool,Reproducible,canonical-reduction,pairwise,canonical-pairwise-v1-leaf1024,8,8,1,0.2474,0.2474,0.2474,0.2474,0.2474,4.618527782440651e-12,5.136160522319185e-14,True,True,True,True,True,1
dot_strided,double,65536,strided,2,stable,ThreadPool,ThreadPool,Accurate,canonical-reduction,compensated,canonical-neumaier-v1-leaf1024,8,8,31,0.2428,0.2486,0.24908,0.232,0.2492,5.130118552187923e-12,5.705089072483771e-14,True,True,True,True,True,1
dot_strided,double,65536,strided,2,stable,ThreadPool,ThreadPool,Fast,adaptive,native,none,8,8,31,0.2408,0.29100000000000004,0.31938,0.2346,0.3198,3.0269120543380268e-12,3.3661605884738044e-14,True,True,True,True,True,1
dot_strided,double,65536,strided,2,stable,ThreadPool,ThreadPool,Reproducible,canonical-reduction,pairwise,canonical-pairwise-v1-leaf1024,8,8,31,0.2372,0.2465,0.25926,0.2318,0.2646,4.618527782440651e-12,5.136160522319185e-14,True,True,True,True,True,1
heat_diffusion_20,double,262144,contiguous,512,first_call,ThreadPool,ThreadPool,Accurate,canonical-pointwise,fixed_pointwise_expression,canonical-pointwise-2d-v1-target4096,8,8,1,88.9282,88.9282,88.9282,88.9282,88.9282,0.0,0.0,True,True,True,True,True,1
heat_diffusion_20,double,262144,contiguous,512,first_call,ThreadPool,ThreadPool,Fast,adaptive,native,none,8,8,1,143.7451,143.7451,143.7451,143.7451,143.7451,0.0,0.0,True,True,True,True,True,1
heat_diffusion_20,double,262144,contiguous,512,first_call,ThreadPool,ThreadPool,Reproducible,canonical-pointwise,fixed_pointwise_expression,canonical-pointwise-2d-v1-target4096,8,8,1,99.6354,99.6354,99.6354,99.6354,99.6354,0.0,0.0,True,True,True,True,True,1
heat_diffusion_20,double,262144,contiguous,512,stable,ThreadPool,ThreadPool,Accurate,canonical-pointwise,fixed_pointwise_expression,canonical-pointwise-2d-v1-target4096,8,8,31,89.9881,101.32765,116.82361999999999,88.8372,123.0485,0.0,0.0,True,True,True,True,True,1
heat_diffusion_20,double,262144,contiguous,512,stable,ThreadPool,ThreadPool,Fast,adaptive,native,none,8,8,31,95.8688,138.8856,140.30739,89.1062,140.3193,0.0,0.0,True,True,True,True,True,1
heat_diffusion_20,double,262144,contiguous,512,stable,ThreadPool,ThreadPool,Reproducible,canonical-pointwise,fixed_pointwise_expression,canonical-pointwise-2d-v1-target4096,8,8,31,92.0246,101.89245,113.49419999999999,88.9822,116.7276,0.0,0.0,True,True,True,True,True,1
heat_diffusion_20_direct_sequential,double,262144,contiguous,512,first_call,DirectSequential,Auto,Fast,adaptive,native,none,1,1,1,8.8197,8.8197,8.8197,8.8197,8.8197,0.0,0.0,True,True,True,True,True,1
heat_diffusion_20_direct_sequential,double,262144,contiguous,512,stable,DirectSequential,Auto,Fast,adaptive,native,none,1,1,31,8.6987,8.8451,8.87937,8.5747,8.8839,0.0,0.0,True,True,True,True,True,1
norm,double,1024,contiguous,1,first_call,Sequential,ThreadPool,Accurate,canonical-reduction,scaled_sumsq,canonical-scaled-sumsq-v1-leaf1024,8,1,1,0.0165,0.0165,0.0165,0.0165,0.0165,1.0658141036401503e-14,1.2320160719701428e-15,True,True,True,True,True,1
norm,double,1024,contiguous,1,first_call,Sequential,ThreadPool,Reproducible,canonical-reduction,pairwise,canonical-pairwise-v1-leaf1024,8,1,1,0.028,0.028,0.028,0.028,0.028,0.0,0.0,True,True,True,True,True,1
norm,double,1024,contiguous,1,first_call,ThreadPool,ThreadPool,Fast,adaptive,native,none,8,8,1,0.0415,0.0415,0.0415,0.0415,0.0415,1.0658141036401503e-14,1.2320160719701428e-15,True,True,True,True,True,1
norm,double,1024,contiguous,1,stable,Sequential,ThreadPool,Accurate,canonical-reduction,scaled_sumsq,canonical-scaled-sumsq-v1-leaf1024,8,1,31,0.0162,0.0174,0.0174,0.0161,0.0174,1.0658141036401503e-14,1.2320160719701428e-15,True,True,True,True,True,1
norm,double,1024,contiguous,1,stable,Sequential,ThreadPool,Reproducible,canonical-reduction,pairwise,canonical-pairwise-v1-leaf1024,8,1,31,0.0279,0.0293,0.02958,0.0278,0.0297,0.0,0.0,True,True,True,True,True,1
norm,double,1024,contiguous,1,stable,ThreadPool,ThreadPool,Fast,adaptive,native,none,8,8,31,0.0358,0.04645,0.04882,0.0315,0.049,1.0658141036401503e-14,1.2320160719701428e-15,True,True,True,True,True,1
norm,double,1048576,contiguous,1,first_call,ThreadPool,ThreadPool,Accurate,canonical-reduction,scaled_sumsq,canonical-scaled-sumsq-v1-leaf1024,8,8,1,1.697,1.697,1.697,1.697,1.697,1.7053025658242404e-13,4.664621908219229e-16,True,True,True,True,True,1
norm,double,1048576,contiguous,1,first_call,ThreadPool,ThreadPool,Fast,adaptive,native,none,8,8,1,4.6307,4.6307,4.6307,4.6307,4.6307,2.8421709430404007e-13,7.774369847032049e-16,True,True,True,True,True,1
norm,double,1048576,contiguous,1,first_call,ThreadPool,ThreadPool,Reproducible,canonical-reduction,pairwise,canonical-pairwise-v1-leaf1024,8,8,1,3.343,3.343,3.343,3.343,3.343,2.2737367544323206e-13,6.219495877625639e-16,True,True,True,True,True,1
norm,double,1048576,contiguous,1,stable,ThreadPool,ThreadPool,Accurate,canonical-reduction,scaled_sumsq,canonical-scaled-sumsq-v1-leaf1024,8,8,31,1.6901,2.82205,3.2057399999999996,1.6348,3.2094,1.7053025658242404e-13,4.664621908219229e-16,True,True,True,True,True,1
norm,double,1048576,contiguous,1,stable,ThreadPool,ThreadPool,Fast,adaptive,native,none,8,8,31,3.1768,6.1198999999999995,6.13344,3.0874,6.1392,2.8421709430404007e-13,7.774369847032049e-16,True,True,True,True,True,1
norm,double,1048576,contiguous,1,stable,ThreadPool,ThreadPool,Reproducible,canonical-reduction,pairwise,canonical-pairwise-v1-leaf1024,8,8,31,3.1862,4.6456,4.65622,3.1131,4.657,2.2737367544323206e-13,6.219495877625639e-16,True,True,True,True,True,1
norm,double,65536,contiguous,1,first_call,ThreadPool,ThreadPool,Accurate,canonical-reduction,scaled_sumsq,canonical-scaled-sumsq-v1-leaf1024,8,8,1,0.1476,0.1476,0.1476,0.1476,0.1476,4.263256414560601e-13,4.652340965911103e-15,True,True,True,True,True,1
norm,double,65536,contiguous,1,first_call,ThreadPool,ThreadPool,Fast,adaptive,native,none,8,8,1,0.2624,0.2624,0.2624,0.2624,0.2624,4.263256414560601e-13,4.652340965911103e-15,True,True,True,True,True,1
norm,double,65536,contiguous,1,first_call,ThreadPool,ThreadPool,Reproducible,canonical-reduction,pairwise,canonical-pairwise-v1-leaf1024,8,8,1,0.2574,0.2574,0.2574,0.2574,0.2574,4.121147867408581e-13,4.497262933714066e-15,True,True,True,True,True,1
norm,double,65536,contiguous,1,stable,ThreadPool,ThreadPool,Accurate,canonical-reduction,scaled_sumsq,canonical-scaled-sumsq-v1-leaf1024,8,8,31,0.1465,0.17085,0.18006,0.1401,0.1812,4.263256414560601e-13,4.652340965911103e-15,True,True,True,True,True,1
norm,double,65536,contiguous,1,stable,ThreadPool,ThreadPool,Fast,adaptive,native,none,8,8,31,0.2419,0.27815,0.31405999999999995,0.227,0.3281,4.263256414560601e-13,4.652340965911103e-15,True,True,True,True,True,1
norm,double,65536,contiguous,1,stable,ThreadPool,ThreadPool,Reproducible,canonical-reduction,pairwise,canonical-pairwise-v1-leaf1024,8,8,31,0.261,0.2679,0.2707,0.233,0.2719,4.121147867408581e-13,4.497262933714066e-15,True,True,True,True,True,1
norm_direct_sequential,double,1024,contiguous,1,first_call,DirectSequential,Auto,Fast,adaptive,native,none,1,1,1,0.0008,0.0008,0.0008,0.0008,0.0008,0.0,0.0,True,True,True,True,True,1
norm_direct_sequential,double,1024,contiguous,1,stable,DirectSequential,Auto,Fast,adaptive,native,none,1,1,31,0.0008,0.0008500000000000001,0.0009,0.0008,0.0009,0.0,0.0,True,True,True,True,True,1
norm_direct_sequential,double,1048576,contiguous,1,first_call,DirectSequential,Auto,Fast,adaptive,native,none,1,1,1,0.8455,0.8455,0.8455,0.8455,0.8455,0.0,0.0,True,True,True,True,True,1
norm_direct_sequential,double,1048576,contiguous,1,stable,DirectSequential,Auto,Fast,adaptive,native,none,1,1,31,0.847,0.8892,0.8941899999999999,0.8323,0.8953,0.0,0.0,True,True,True,True,True,1
norm_direct_sequential,double,65536,contiguous,1,first_call,DirectSequential,Auto,Fast,adaptive,native,none,1,1,1,0.0502,0.0502,0.0502,0.0502,0.0502,0.0,0.0,True,True,True,True,True,1
norm_direct_sequential,double,65536,contiguous,1,stable,DirectSequential,Auto,Fast,adaptive,native,none,1,1,31,0.0502,0.0503,0.056949999999999994,0.0502,0.0598,0.0,0.0,True,True,True,True,True,1
norm_strided,double,65536,strided,2,first_call,ThreadPool,ThreadPool,Accurate,canonical-reduction,scaled_sumsq,canonical-scaled-sumsq-v1-leaf1024,8,8,1,0.1492,0.1492,0.1492,0.1492,0.1492,4.547473508864641e-13,2.5048287208041174e-15,True,True,True,True,True,1
norm_strided,double,65536,strided,2,first_call,ThreadPool,ThreadPool,Fast,adaptive,native,none,8,8,1,0.2408,0.2408,0.2408,0.2408,0.2408,4.547473508864641e-13,2.5048287208041174e-15,True,True,True,True,True,1
norm_strided,double,65536,strided,2,first_call,ThreadPool,ThreadPool,Reproducible,canonical-reduction,pairwise,canonical-pairwise-v1-leaf1024,8,8,1,0.2381,0.2381,0.2381,0.2381,0.2381,4.547473508864641e-13,2.5048287208041174e-15,True,True,True,True,True,1
norm_strided,double,65536,strided,2,stable,ThreadPool,ThreadPool,Accurate,canonical-reduction,scaled_sumsq,canonical-scaled-sumsq-v1-leaf1024,8,8,31,0.1472,0.1547,0.17865999999999996,0.1403,0.1876,4.547473508864641e-13,2.5048287208041174e-15,True,True,True,True,True,1
norm_strided,double,65536,strided,2,stable,ThreadPool,ThreadPool,Fast,adaptive,native,none,8,8,31,0.2371,0.24635,0.32360999999999995,0.2302,0.3567,4.547473508864641e-13,2.5048287208041174e-15,True,True,True,True,True,1
norm_strided,double,65536,strided,2,stable,ThreadPool,ThreadPool,Reproducible,canonical-reduction,pairwise,canonical-pairwise-v1-leaf1024,8,8,31,0.2398,0.2451,0.25371,0.2327,0.2574,4.547473508864641e-13,2.5048287208041174e-15,True,True,True,True,True,1
stencil_2d,double,1048576,contiguous,1024,first_call,ThreadPool,ThreadPool,Accurate,canonical-pointwise,fixed_pointwise_expression,canonical-pointwise-2d-v1-target4096,8,8,1,17.4178,17.4178,17.4178,17.4178,17.4178,0.0,0.0,True,True,True,True,True,1
stencil_2d,double,1048576,contiguous,1024,first_call,ThreadPool,ThreadPool,Fast,adaptive,native,none,8,8,1,17.519,17.519,17.519,17.519,17.519,0.0,0.0,True,True,True,True,True,1
stencil_2d,double,1048576,contiguous,1024,first_call,ThreadPool,ThreadPool,Reproducible,canonical-pointwise,fixed_pointwise_expression,canonical-pointwise-2d-v1-target4096,8,8,1,17.4338,17.4338,17.4338,17.4338,17.4338,0.0,0.0,True,True,True,True,True,1
stencil_2d,double,1048576,contiguous,1024,stable,ThreadPool,ThreadPool,Accurate,canonical-pointwise,fixed_pointwise_expression,canonical-pointwise-2d-v1-target4096,8,8,31,17.6636,33.390299999999996,34.31966,17.3933,34.7009,0.0,0.0,True,True,True,True,True,1
stencil_2d,double,1048576,contiguous,1024,stable,ThreadPool,ThreadPool,Fast,adaptive,native,none,8,8,31,17.4571,20.2408,23.04449,17.3649,23.2748,0.0,0.0,True,True,True,True,True,1
stencil_2d,double,1048576,contiguous,1024,stable,ThreadPool,ThreadPool,Reproducible,canonical-pointwise,fixed_pointwise_expression,canonical-pointwise-2d-v1-target4096,8,8,31,17.4744,29.70985,34.33889,17.3809,34.7108,0.0,0.0,True,True,True,True,True,1
stencil_2d,double,4096,contiguous,64,first_call,Sequential,ThreadPool,Accurate,canonical-pointwise,fixed_pointwise_expression,canonical-pointwise-2d-v1-target4096,8,1,1,0.5277,0.5277,0.5277,0.5277,0.5277,0.0,0.0,True,True,True,True,True,1
stencil_2d,double,4096,contiguous,64,first_call,Sequential,ThreadPool,Reproducible,canonical-pointwise,fixed_pointwise_expression,canonical-pointwise-2d-v1-target4096,8,1,1,0.5292,0.5292,0.5292,0.5292,0.5292,0.0,0.0,True,True,True,True,True,1
stencil_2d,double,4096,contiguous,64,first_call,ThreadPool,ThreadPool,Fast,adaptive,native,none,8,8,1,0.1492,0.1492,0.1492,0.1492,0.1492,0.0,0.0,True,True,True,True,True,1
stencil_2d,double,4096,contiguous,64,stable,Sequential,ThreadPool,Accurate,canonical-pointwise,fixed_pointwise_expression,canonical-pointwise-2d-v1-target4096,8,1,31,0.5247,0.52935,0.5339,0.5238,0.5354,0.0,0.0,True,True,True,True,True,1
stencil_2d,double,4096,contiguous,64,stable,Sequential,ThreadPool,Reproducible,canonical-pointwise,fixed_pointwise_expression,canonical-pointwise-2d-v1-target4096,8,1,31,0.5277,0.5322,0.53565,0.5237,0.537,0.0,0.0,True,True,True,True,True,1
stencil_2d,double,4096,contiguous,64,stable,ThreadPool,ThreadPool,Fast,adaptive,native,none,8,8,31,0.1023,0.1316,0.13855,0.0994,0.1396,0.0,0.0,True,True,True,True,True,1
stencil_2d,double,65536,contiguous,256,first_call,ThreadPool,ThreadPool,Accurate,canonical-pointwise,fixed_pointwise_expression,canonical-pointwise-2d-v1-target4096,8,8,1,1.1296,1.1296,1.1296,1.1296,1.1296,0.0,0.0,True,True,True,True,True,1
stencil_2d,double,65536,contiguous,256,first_call,ThreadPool,ThreadPool,Fast,adaptive,native,none,8,8,1,1.1368,1.1368,1.1368,1.1368,1.1368,0.0,0.0,True,True,True,True,True,1
stencil_2d,double,65536,contiguous,256,first_call,ThreadPool,ThreadPool,Reproducible,canonical-pointwise,fixed_pointwise_expression,canonical-pointwise-2d-v1-target4096,8,8,1,1.1338,1.1338,1.1338,1.1338,1.1338,0.0,0.0,True,True,True,True,True,1
stencil_2d,double,65536,contiguous,256,stable,ThreadPool,ThreadPool,Accurate,canonical-pointwise,fixed_pointwise_expression,canonical-pointwise-2d-v1-target4096,8,8,31,1.1319,1.15335,1.16312,1.1193,1.1657,0.0,0.0,True,True,True,True,True,1
stencil_2d,double,65536,contiguous,256,stable,ThreadPool,ThreadPool,Fast,adaptive,native,none,8,8,31,1.1306,1.14615,1.5050699999999995,1.1194,1.6578,0.0,0.0,True,True,True,True,True,1
stencil_2d,double,65536,contiguous,256,stable,ThreadPool,ThreadPool,Reproducible,canonical-pointwise,fixed_pointwise_expression,canonical-pointwise-2d-v1-target4096,8,8,31,1.1272,1.23905,1.5612399999999997,1.1192,1.6684,0.0,0.0,True,True,True,True,True,1
stencil_2d_direct_sequential,double,1048576,contiguous,1024,first_call,DirectSequential,Auto,Fast,adaptive,native,none,1,1,1,1.8816,1.8816,1.8816,1.8816,1.8816,0.0,0.0,True,True,True,True,True,1
stencil_2d_direct_sequential,double,1048576,contiguous,1024,stable,DirectSequential,Auto,Fast,adaptive,native,none,1,1,31,1.8648,2.02475,2.1418799999999996,1.8351,2.1915,0.0,0.0,True,True,True,True,True,1
stencil_2d_direct_sequential,double,4096,contiguous,64,first_call,DirectSequential,Auto,Fast,adaptive,native,none,1,1,1,0.0068,0.0068,0.0068,0.0068,0.0068,0.0,0.0,True,True,True,True,True,1
stencil_2d_direct_sequential,double,4096,contiguous,64,stable,DirectSequential,Auto,Fast,adaptive,native,none,1,1,31,0.0066,0.00835,0.01021,0.0065,0.0103,0.0,0.0,True,True,True,True,True,1
stencil_2d_direct_sequential,double,65536,contiguous,256,first_call,DirectSequential,Auto,Fast,adaptive,native,none,1,1,1,0.104,0.104,0.104,0.104,0.104,0.0,0.0,True,True,True,True,True,1
stencil_2d_direct_sequential,double,65536,contiguous,256,stable,DirectSequential,Auto,Fast,adaptive,native,none,1,1,31,0.1033,0.11655,0.12118999999999999,0.1025,0.1214,0.0,0.0,True,True,True,True,True,1
stencil_2d_padded,double,65536,padded,263,first_call,ThreadPool,ThreadPool,Accurate,canonical-pointwise,fixed_pointwise_expression,canonical-pointwise-2d-v1-target4096,8,8,1,2.2008,2.2008,2.2008,2.2008,2.2008,0.0,0.0,True,True,True,True,True,1
stencil_2d_padded,double,65536,padded,263,first_call,ThreadPool,ThreadPool,Fast,adaptive,native,none,8,8,1,1.6947,1.6947,1.6947,1.6947,1.6947,0.0,0.0,True,True,True,True,True,1
stencil_2d_padded,double,65536,padded,263,first_call,ThreadPool,ThreadPool,Reproducible,canonical-pointwise,fixed_pointwise_expression,canonical-pointwise-2d-v1-target4096,8,8,1,2.2209,2.2209,2.2209,2.2209,2.2209,0.0,0.0,True,True,True,True,True,1
stencil_2d_padded,double,65536,padded,263,stable,ThreadPool,ThreadPool,Accurate,canonical-pointwise,fixed_pointwise_expression,canonical-pointwise-2d-v1-target4096,8,8,31,1.6412,1.6562999999999999,1.66342,1.6298,1.666,0.0,0.0,True,True,True,True,True,1
stencil_2d_padded,double,65536,padded,263,stable,ThreadPool,ThreadPool,Fast,adaptive,native,none,8,8,31,1.6395,2.20245,2.22228,1.6282,2.2302,0.0,0.0,True,True,True,True,True,1
stencil_2d_padded,double,65536,padded,263,stable,ThreadPool,ThreadPool,Reproducible,canonical-pointwise,fixed_pointwise_expression,canonical-pointwise-2d-v1-target4096,8,8,31,1.6452,1.9661,2.31568,1.6288,2.3398,0.0,0.0,True,True,True,True,True,1
stencil_pointwise_matrix,double,262656,contiguous,513,first_call,Sequential,StaticThread,Reproducible,canonical-pointwise,fixed_pointwise_expression,canonical-pointwise-2d-v1-target4096,1,1,1,33.6684,33.6684,33.6684,33.6684,33.6684,0.0,0.0,True,True,True,True,True,1
stencil_pointwise_matrix,double,262656,contiguous,513,first_call,Sequential,ThreadPool,Reproducible,canonical-pointwise,fixed_pointwise_expression,canonical-pointwise-2d-v1-target4096,1,1,1,33.572,33.572,33.572,33.572,33.572,0.0,0.0,True,True,True,True,True,1
stencil_pointwise_matrix,double,262656,contiguous,513,first_call,Sequential,oneTBB,Reproducible,canonical-pointwise,fixed_pointwise_expression,canonical-pointwise-2d-v1-target4096,1,1,1,33.7284,33.7284,33.7284,33.7284,33.7284,0.0,0.0,True,True,True,True,True,1
stencil_pointwise_matrix,double,262656,contiguous,513,first_call,StaticThread,StaticThread,Reproducible,canonical-pointwise,fixed_pointwise_expression,canonical-pointwise-2d-v1-target4096,2,2,1,17.3904,17.3904,17.3904,17.3904,17.3904,0.0,0.0,True,True,True,True,True,1
stencil_pointwise_matrix,double,262656,contiguous,513,first_call,StaticThread,StaticThread,Reproducible,canonical-pointwise,fixed_pointwise_expression,canonical-pointwise-2d-v1-target4096,4,4,1,9.3704,9.3704,9.3704,9.3704,9.3704,0.0,0.0,True,True,True,True,True,1
stencil_pointwise_matrix,double,262656,contiguous,513,first_call,StaticThread,StaticThread,Reproducible,canonical-pointwise,fixed_pointwise_expression,canonical-pointwise-2d-v1-target4096,8,8,1,5.0205,5.0205,5.0205,5.0205,5.0205,0.0,0.0,True,True,True,True,True,1
stencil_pointwise_matrix,double,262656,contiguous,513,first_call,ThreadPool,ThreadPool,Reproducible,canonical-pointwise,fixed_pointwise_expression,canonical-pointwise-2d-v1-target4096,2,2,1,17.6184,17.6184,17.6184,17.6184,17.6184,0.0,0.0,True,True,True,True,True,1
stencil_pointwise_matrix,double,262656,contiguous,513,first_call,ThreadPool,ThreadPool,Reproducible,canonical-pointwise,fixed_pointwise_expression,canonical-pointwise-2d-v1-target4096,4,4,1,9.3986,9.3986,9.3986,9.3986,9.3986,0.0,0.0,True,True,True,True,True,1
stencil_pointwise_matrix,double,262656,contiguous,513,first_call,ThreadPool,ThreadPool,Reproducible,canonical-pointwise,fixed_pointwise_expression,canonical-pointwise-2d-v1-target4096,8,8,1,4.8285,4.8285,4.8285,4.8285,4.8285,0.0,0.0,True,True,True,True,True,1
stencil_pointwise_matrix,double,262656,contiguous,513,first_call,oneTBB,oneTBB,Reproducible,canonical-pointwise,fixed_pointwise_expression,canonical-pointwise-2d-v1-target4096,2,2,1,16.9957,16.9957,16.9957,16.9957,16.9957,0.0,0.0,True,True,True,True,True,1
stencil_pointwise_matrix,double,262656,contiguous,513,first_call,oneTBB,oneTBB,Reproducible,canonical-pointwise,fixed_pointwise_expression,canonical-pointwise-2d-v1-target4096,4,4,1,9.0886,9.0886,9.0886,9.0886,9.0886,0.0,0.0,True,True,True,True,True,1
stencil_pointwise_matrix,double,262656,contiguous,513,first_call,oneTBB,oneTBB,Reproducible,canonical-pointwise,fixed_pointwise_expression,canonical-pointwise-2d-v1-target4096,8,8,1,4.8466,4.8466,4.8466,4.8466,4.8466,0.0,0.0,True,True,True,True,True,1
stencil_pointwise_matrix,double,262656,contiguous,513,stable,Sequential,StaticThread,Reproducible,canonical-pointwise,fixed_pointwise_expression,canonical-pointwise-2d-v1-target4096,1,1,31,33.1065,33.682950000000005,33.8669,32.8151,33.9035,0.0,0.0,True,True,True,True,True,1
stencil_pointwise_matrix,double,262656,contiguous,513,stable,Sequential,ThreadPool,Reproducible,canonical-pointwise,fixed_pointwise_expression,canonical-pointwise-2d-v1-target4096,1,1,31,33.4447,33.674949999999995,33.76329,32.769,33.7815,0.0,0.0,True,True,True,True,True,1
stencil_pointwise_matrix,double,262656,contiguous,513,stable,Sequential,oneTBB,Reproducible,canonical-pointwise,fixed_pointwise_expression,canonical-pointwise-2d-v1-target4096,1,1,31,33.3743,33.5952,33.68842,32.985,33.7105,0.0,0.0,True,True,True,True,True,1
stencil_pointwise_matrix,double,262656,contiguous,513,stable,StaticThread,StaticThread,Reproducible,canonical-pointwise,fixed_pointwise_expression,canonical-pointwise-2d-v1-target4096,2,2,31,17.2889,17.5086,17.81178,17.1798,17.9379,0.0,0.0,True,True,True,True,True,1
stencil_pointwise_matrix,double,262656,contiguous,513,stable,StaticThread,StaticThread,Reproducible,canonical-pointwise,fixed_pointwise_expression,canonical-pointwise-2d-v1-target4096,4,4,31,9.3123,9.383199999999999,9.489059999999998,9.2013,9.5268,0.0,0.0,True,True,True,True,True,1
stencil_pointwise_matrix,double,262656,contiguous,513,stable,StaticThread,StaticThread,Reproducible,canonical-pointwise,fixed_pointwise_expression,canonical-pointwise-2d-v1-target4096,8,8,31,5.0772,6.9152,8.89655,4.9999,9.0569,0.0,0.0,True,True,True,True,True,1
stencil_pointwise_matrix,double,262656,contiguous,513,stable,ThreadPool,ThreadPool,Reproducible,canonical-pointwise,fixed_pointwise_expression,canonical-pointwise-2d-v1-target4096,2,2,31,17.6057,17.76545,17.8243,17.475,17.8447,0.0,0.0,True,True,True,True,True,1
stencil_pointwise_matrix,double,262656,contiguous,513,stable,ThreadPool,ThreadPool,Reproducible,canonical-pointwise,fixed_pointwise_expression,canonical-pointwise-2d-v1-target4096,4,4,31,9.4964,9.5914,9.60452,9.3457,9.6095,0.0,0.0,True,True,True,True,True,1
stencil_pointwise_matrix,double,262656,contiguous,513,stable,ThreadPool,ThreadPool,Reproducible,canonical-pointwise,fixed_pointwise_expression,canonical-pointwise-2d-v1-target4096,8,8,31,4.8534,5.22725,6.0372699999999995,4.8107,6.2512,0.0,0.0,True,True,True,True,True,1
stencil_pointwise_matrix,double,262656,contiguous,513,stable,oneTBB,oneTBB,Reproducible,canonical-pointwise,fixed_pointwise_expression,canonical-pointwise-2d-v1-target4096,2,2,31,17.0263,17.16605,17.21091,16.9295,17.2194,0.0,0.0,True,True,True,True,True,1
stencil_pointwise_matrix,double,262656,contiguous,513,stable,oneTBB,oneTBB,Reproducible,canonical-pointwise,fixed_pointwise_expression,canonical-pointwise-2d-v1-target4096,4,4,31,9.1048,9.147649999999999,9.157969999999999,9.0144,9.1619,0.0,0.0,True,True,True,True,True,1
stencil_pointwise_matrix,double,262656,contiguous,513,stable,oneTBB,oneTBB,Reproducible,canonical-pointwise,fixed_pointwise_expression,canonical-pointwise-2d-v1-target4096,8,8,31,4.8612,6.8599499999999995,7.859639999999999,4.8277,8.2533,0.0,0.0,True,True,True,True,True,1
sum,double,1024,contiguous,1,first_call,Sequential,ThreadPool,Accurate,canonical-reduction,compensated,canonical-neumaier-v1-leaf1024,8,1,1,0.0339,0.0339,0.0339,0.0339,0.0339,2.842170943040401e-14,1.186463695530212e-16,True,True,True,True,True,1
sum,double,1024,contiguous,1,first_call,Sequential,ThreadPool,Reproducible,canonical-reduction,pairwise,canonical-pairwise-v1-leaf1024,8,1,1,0.0086,0.0086,0.0086,0.0086,0.0086,0.0,0.0,True,True,True,True,True,1
sum,double,1024,contiguous,1,first_call,ThreadPool,ThreadPool,Fast,adaptive,native,none,8,8,1,1.0349,1.0349,1.0349,1.0349,1.0349,5.684341886080802e-14,2.372927391060424e-16,True,True,True,True,True,1
sum,double,1024,contiguous,1,stable,Sequential,ThreadPool,Accurate,canonical-reduction,compensated,canonical-neumaier-v1-leaf1024,8,1,31,0.0122,0.013600000000000001,0.01398,0.0121,0.0141,2.842170943040401e-14,1.186463695530212e-16,True,True,True,True,True,1
sum,double,1024,contiguous,1,stable,Sequential,ThreadPool,Reproducible,canonical-reduction,pairwise,canonical-pairwise-v1-leaf1024,8,1,31,0.0052,0.0060999999999999995,0.0066099999999999996,0.0051,0.0067,0.0,0.0,True,True,True,True,True,1
sum,double,1024,contiguous,1,stable,ThreadPool,ThreadPool,Fast,adaptive,native,none,8,8,31,0.0317,0.048049999999999995,0.06573999999999998,0.0127,0.0721,5.684341886080802e-14,2.372927391060424e-16,True,True,True,True,True,1
sum,double,1048576,contiguous,1,first_call,ThreadPool,ThreadPool,Accurate,canonical-reduction,compensated,canonical-neumaier-v1-leaf1024,8,8,1,1.1989,1.1989,1.1989,1.1989,1.1989,1.2306600183364935e-11,1.0017759834518199e-13,True,True,True,True,True,1
sum,double,1048576,contiguous,1,first_call,ThreadPool,ThreadPool,Fast,adaptive,native,none,8,8,1,0.4679,0.4679,0.4679,0.4679,0.4679,2.319211489520967e-11,1.8878734468745612e-13,True,True,True,True,True,1
sum,double,1048576,contiguous,1,first_call,ThreadPool,ThreadPool,Reproducible,canonical-reduction,pairwise,canonical-pairwise-v1-leaf1024,8,8,1,0.3664,0.3664,0.3664,0.3664,0.3664,6.139089236967266e-12,4.9973120652561916e-14,True,True,True,True,True,1
sum,double,1048576,contiguous,1,stable,ThreadPool,ThreadPool,Accurate,canonical-reduction,compensated,canonical-neumaier-v1-leaf1024,8,8,31,1.1878,1.58705,1.65063,1.1622,1.6587,1.2306600183364935e-11,1.0017759834518199e-13,True,True,True,True,True,1
sum,double,1048576,contiguous,1,stable,ThreadPool,ThreadPool,Fast,adaptive,native,none,8,8,31,0.1547,0.26535000000000003,0.34740999999999994,0.1428,0.3724,2.319211489520967e-11,1.8878734468745612e-13,True,True,True,True,True,1
sum,double,1048576,contiguous,1,stable,ThreadPool,ThreadPool,Reproducible,canonical-reduction,pairwise,canonical-pairwise-v1-leaf1024,8,8,31,0.1721,0.2139,0.28524999999999995,0.155,0.3142,6.139089236967266e-12,4.9973120652561916e-14,True,True,True,True,True,1
sum,double,65536,contiguous,1,first_call,ThreadPool,ThreadPool,Accurate,canonical-reduction,compensated,canonical-neumaier-v1-leaf1024,8,8,1,0.1373,0.1373,0.1373,0.1373,0.1373,5.229594535194337e-12,5.489048968050067e-15,True,True,True,True,True,1
sum,double,65536,contiguous,1,first_call,ThreadPool,ThreadPool,Fast,adaptive,native,none,8,8,1,0.0459,0.0459,0.0459,0.0459,0.0459,9.094947017729282e-12,9.546172118347943e-15,True,True,True,True,True,1
sum,double,65536,contiguous,1,first_call,ThreadPool,ThreadPool,Reproducible,canonical-reduction,pairwise,canonical-pairwise-v1-leaf1024,8,8,1,0.0436,0.0436,0.0436,0.0436,0.0436,9.549694368615746e-12,1.002348072426534e-14,True,True,True,True,True,1
sum,double,65536,contiguous,1,stable,ThreadPool,ThreadPool,Accurate,canonical-reduction,compensated,canonical-neumaier-v1-leaf1024,8,8,31,0.1157,0.13840000000000002,0.14126,0.1032,0.1421,5.229594535194337e-12,5.489048968050067e-15,True,True,True,True,True,1
sum,double,65536,contiguous,1,stable,ThreadPool,ThreadPool,Fast,adaptive,native,none,8,8,31,0.0435,0.05655,0.07458999999999999,0.0361,0.0808,9.094947017729282e-12,9.546172118347943e-15,True,True,True,True,True,1
sum,double,65536,contiguous,1,stable,ThreadPool,ThreadPool,Reproducible,canonical-reduction,pairwise,canonical-pairwise-v1-leaf1024,8,8,31,0.0415,0.056,0.08210999999999999,0.0368,0.0912,9.549694368615746e-12,1.002348072426534e-14,True,True,True,True,True,1
sum_adversarial,double,9000,contiguous,1,first_call,ThreadPool,ThreadPool,Accurate,canonical-reduction,compensated,canonical-neumaier-v1-leaf1024,8,8,1,0.044,0.044,0.044,0.044,0.044,0.0,0.0,True,True,True,True,True,1
sum_adversarial,double,9000,contiguous,1,first_call,ThreadPool,ThreadPool,Fast,adaptive,native,none,8,8,1,0.0395,0.0395,0.0395,0.0395,0.0395,3000.0,1.0,True,False,True,True,True,1
sum_adversarial,double,9000,contiguous,1,first_call,ThreadPool,ThreadPool,Reproducible,canonical-reduction,pairwise,canonical-pairwise-v1-leaf1024,8,8,1,0.0333,0.0333,0.0333,0.0333,0.0333,3000.0,1.0,True,False,True,True,True,1
sum_adversarial,double,9000,contiguous,1,stable,ThreadPool,ThreadPool,Accurate,canonical-reduction,compensated,canonical-neumaier-v1-leaf1024,8,8,31,0.0431,0.0536,0.05543000000000001,0.0401,0.056,0.0,0.0,True,True,True,True,True,1
sum_adversarial,double,9000,contiguous,1,stable,ThreadPool,ThreadPool,Fast,adaptive,native,none,8,8,31,0.0361,0.04655,0.054439999999999995,0.0297,0.0575,3000.0,1.0,True,False,True,True,True,1
sum_adversarial,double,9000,contiguous,1,stable,ThreadPool,ThreadPool,Reproducible,canonical-reduction,pairwise,canonical-pairwise-v1-leaf1024,8,8,31,0.0315,0.04575,0.050019999999999995,0.0255,0.0517,3000.0,1.0,True,False,True,True,True,1
sum_direct_sequential,double,1024,contiguous,1,first_call,DirectSequential,Auto,Fast,adaptive,native,none,1,1,1,0.0009,0.0009,0.0009,0.0009,0.0009,0.0,0.0,True,True,True,True,True,1
sum_direct_sequential,double,1024,contiguous,1,stable,DirectSequential,Auto,Fast,adaptive,native,none,1,1,31,0.0008,0.0009,0.0009,0.0008,0.0009,0.0,0.0,True,True,True,True,True,1
sum_direct_sequential,double,1048576,contiguous,1,first_call,DirectSequential,Auto,Fast,adaptive,native,none,1,1,1,0.8457,0.8457,0.8457,0.8457,0.8457,0.0,0.0,True,True,True,True,True,1
sum_direct_sequential,double,1048576,contiguous,1,stable,DirectSequential,Auto,Fast,adaptive,native,none,1,1,31,0.8519,0.87275,0.8925000000000001,0.8263,0.8988,0.0,0.0,True,True,True,True,True,1
sum_direct_sequential,double,65536,contiguous,1,first_call,DirectSequential,Auto,Fast,adaptive,native,none,1,1,1,0.0513,0.0513,0.0513,0.0513,0.0513,0.0,0.0,True,True,True,True,True,1
sum_direct_sequential,double,65536,contiguous,1,stable,DirectSequential,Auto,Fast,adaptive,native,none,1,1,31,0.0509,0.05715,0.05902,0.0502,0.0598,0.0,0.0,True,True,True,True,True,1
sum_fast_regression_legacy,double,1048576,contiguous,1,first_call,ThreadPool,ThreadPool,Fast,adaptive,native,none,8,8,1,0.2626,0.2626,0.2626,0.2626,0.2626,2.319211489520967e-11,1.8878734468745612e-13,True,True,True,True,True,1
sum_fast_regression_legacy,double,1048576,contiguous,1,stable,ThreadPool,ThreadPool,Fast,adaptive,native,none,8,8,31,0.151,0.1682,0.21567999999999996,0.1381,0.2356,2.319211489520967e-11,1.8878734468745612e-13,True,True,True,True,True,1
sum_fast_regression_policy,double,1048576,contiguous,1,first_call,ThreadPool,ThreadPool,Fast,adaptive,native,none,8,8,1,0.3152,0.3152,0.3152,0.3152,0.3152,2.319211489520967e-11,1.8878734468745612e-13,True,True,True,True,True,1
sum_fast_regression_policy,double,1048576,contiguous,1,stable,ThreadPool,ThreadPool,Fast,adaptive,native,none,8,8,31,0.1502,0.19635000000000002,0.21945,0.1389,0.2265,2.319211489520967e-11,1.8878734468745612e-13,True,True,True,True,True,1
sum_legacy_fast,double,1024,contiguous,1,first_call,ThreadPool,ThreadPool,Fast,adaptive,native,none,8,8,1,0.0636,0.0636,0.0636,0.0636,0.0636,5.684341886080802e-14,2.372927391060424e-16,True,True,True,True,True,1
sum_legacy_fast,double,1024,contiguous,1,stable,ThreadPool,ThreadPool,Fast,adaptive,native,none,8,8,31,0.0303,0.0415,0.045149999999999996,0.0272,0.0465,5.684341886080802e-14,2.372927391060424e-16,True,True,True,True,True,1
sum_legacy_fast,double,1048576,contiguous,1,first_call,ThreadPool,ThreadPool,Fast,adaptive,native,none,8,8,1,0.1481,0.1481,0.1481,0.1481,0.1481,2.319211489520967e-11,1.8878734468745612e-13,True,True,True,True,True,1
sum_legacy_fast,double,1048576,contiguous,1,stable,ThreadPool,ThreadPool,Fast,adaptive,native,none,8,8,31,0.1558,0.2724,0.29540999999999995,0.1402,0.3051,2.319211489520967e-11,1.8878734468745612e-13,True,True,True,True,True,1
sum_legacy_fast,double,65536,contiguous,1,first_call,ThreadPool,ThreadPool,Fast,adaptive,native,none,8,8,1,0.0415,0.0415,0.0415,0.0415,0.0415,9.094947017729282e-12,9.546172118347943e-15,True,True,True,True,True,1
sum_legacy_fast,double,65536,contiguous,1,stable,ThreadPool,ThreadPool,Fast,adaptive,native,none,8,8,31,0.0416,0.0516,0.057139999999999996,0.038,0.0584,9.094947017729282e-12,9.546172118347943e-15,True,True,True,True,True,1
sum_scaling,double,1048576,contiguous,1,first_call,Sequential,StaticThread,Reproducible,canonical-reduction,pairwise,canonical-pairwise-v1-leaf1024,1,1,1,0.8361,0.8361,0.8361,0.8361,0.8361,6.139089236967266e-12,4.9973120652561916e-14,True,True,True,True,True,1
sum_scaling,double,1048576,contiguous,1,first_call,Sequential,ThreadPool,Reproducible,canonical-reduction,pairwise,canonical-pairwise-v1-leaf1024,1,1,1,0.9396,0.9396,0.9396,0.9396,0.9396,6.139089236967266e-12,4.9973120652561916e-14,True,True,True,True,True,1
sum_scaling,double,1048576,contiguous,1,first_call,Sequential,oneTBB,Reproducible,canonical-reduction,pairwise,canonical-pairwise-v1-leaf1024,1,1,1,0.8702,0.8702,0.8702,0.8702,0.8702,6.139089236967266e-12,4.9973120652561916e-14,True,True,True,True,True,1
sum_scaling,double,1048576,contiguous,1,first_call,StaticThread,StaticThread,Reproducible,canonical-reduction,pairwise,canonical-pairwise-v1-leaf1024,2,2,1,0.9723,0.9723,0.9723,0.9723,0.9723,6.139089236967266e-12,4.9973120652561916e-14,True,True,True,True,True,1
sum_scaling,double,1048576,contiguous,1,first_call,StaticThread,StaticThread,Reproducible,canonical-reduction,pairwise,canonical-pairwise-v1-leaf1024,4,4,1,0.5469,0.5469,0.5469,0.5469,0.5469,6.139089236967266e-12,4.9973120652561916e-14,True,True,True,True,True,1
sum_scaling,double,1048576,contiguous,1,first_call,StaticThread,StaticThread,Reproducible,canonical-reduction,pairwise,canonical-pairwise-v1-leaf1024,8,8,1,0.655,0.655,0.655,0.655,0.655,6.139089236967266e-12,4.9973120652561916e-14,True,True,True,True,True,1
sum_scaling,double,1048576,contiguous,1,first_call,ThreadPool,ThreadPool,Reproducible,canonical-reduction,pairwise,canonical-pairwise-v1-leaf1024,2,2,1,0.4663,0.4663,0.4663,0.4663,0.4663,6.139089236967266e-12,4.9973120652561916e-14,True,True,True,True,True,1
sum_scaling,double,1048576,contiguous,1,first_call,ThreadPool,ThreadPool,Reproducible,canonical-reduction,pairwise,canonical-pairwise-v1-leaf1024,4,4,1,0.2715,0.2715,0.2715,0.2715,0.2715,6.139089236967266e-12,4.9973120652561916e-14,True,True,True,True,True,1
sum_scaling,double,1048576,contiguous,1,first_call,ThreadPool,ThreadPool,Reproducible,canonical-reduction,pairwise,canonical-pairwise-v1-leaf1024,8,8,1,0.174,0.174,0.174,0.174,0.174,6.139089236967266e-12,4.9973120652561916e-14,True,True,True,True,True,1
sum_scaling,double,1048576,contiguous,1,first_call,oneTBB,oneTBB,Reproducible,canonical-reduction,pairwise,canonical-pairwise-v1-leaf1024,2,2,1,1.1033,1.1033,1.1033,1.1033,1.1033,6.139089236967266e-12,4.9973120652561916e-14,True,True,True,True,True,1
sum_scaling,double,1048576,contiguous,1,first_call,oneTBB,oneTBB,Reproducible,canonical-reduction,pairwise,canonical-pairwise-v1-leaf1024,4,4,1,0.4424,0.4424,0.4424,0.4424,0.4424,6.139089236967266e-12,4.9973120652561916e-14,True,True,True,True,True,1
sum_scaling,double,1048576,contiguous,1,first_call,oneTBB,oneTBB,Reproducible,canonical-reduction,pairwise,canonical-pairwise-v1-leaf1024,8,8,1,0.3364,0.3364,0.3364,0.3364,0.3364,6.139089236967266e-12,4.9973120652561916e-14,True,True,True,True,True,1
sum_scaling,double,1048576,contiguous,1,stable,Sequential,StaticThread,Reproducible,canonical-reduction,pairwise,canonical-pairwise-v1-leaf1024,1,1,31,0.8493,0.87645,0.88431,0.8346,0.8874,6.139089236967266e-12,4.9973120652561916e-14,True,True,True,True,True,1
sum_scaling,double,1048576,contiguous,1,stable,Sequential,ThreadPool,Reproducible,canonical-reduction,pairwise,canonical-pairwise-v1-leaf1024,1,1,31,0.8534,0.895,0.90309,0.8388,0.9033,6.139089236967266e-12,4.9973120652561916e-14,True,True,True,True,True,1
sum_scaling,double,1048576,contiguous,1,stable,Sequential,oneTBB,Reproducible,canonical-reduction,pairwise,canonical-pairwise-v1-leaf1024,1,1,31,0.8468,0.87385,0.87935,0.8346,0.881,6.139089236967266e-12,4.9973120652561916e-14,True,True,True,True,True,1
sum_scaling,double,1048576,contiguous,1,stable,StaticThread,StaticThread,Reproducible,canonical-reduction,pairwise,canonical-pairwise-v1-leaf1024,2,2,31,0.6604,0.7004,0.72136,0.6221,0.7264,6.139089236967266e-12,4.9973120652561916e-14,True,True,True,True,True,1
sum_scaling,double,1048576,contiguous,1,stable,StaticThread,StaticThread,Reproducible,canonical-reduction,pairwise,canonical-pairwise-v1-leaf1024,4,4,31,0.5384,0.5938,0.62224,0.4958,0.6307,6.139089236967266e-12,4.9973120652561916e-14,True,True,True,True,True,1
sum_scaling,double,1048576,contiguous,1,stable,StaticThread,StaticThread,Reproducible,canonical-reduction,pairwise,canonical-pairwise-v1-leaf1024,8,8,31,0.6838,0.7315499999999999,0.8137299999999998,0.6084,0.8488,6.139089236967266e-12,4.9973120652561916e-14,True,True,True,True,True,1
sum_scaling,double,1048576,contiguous,1,stable,ThreadPool,ThreadPool,Reproducible,canonical-reduction,pairwise,canonical-pairwise-v1-leaf1024,2,2,31,0.4742,0.4944,0.5112099999999999,0.447,0.5182,6.139089236967266e-12,4.9973120652561916e-14,True,True,True,True,True,1
sum_scaling,double,1048576,contiguous,1,stable,ThreadPool,ThreadPool,Reproducible,canonical-reduction,pairwise,canonical-pairwise-v1-leaf1024,4,4,31,0.2614,0.27825,0.28415999999999997,0.2478,0.2862,6.139089236967266e-12,4.9973120652561916e-14,True,True,True,True,True,1
sum_scaling,double,1048576,contiguous,1,stable,ThreadPool,ThreadPool,Reproducible,canonical-reduction,pairwise,canonical-pairwise-v1-leaf1024,8,8,31,0.1694,0.21955,0.24219999999999997,0.1545,0.2488,6.139089236967266e-12,4.9973120652561916e-14,True,True,True,True,True,1
sum_scaling,double,1048576,contiguous,1,stable,oneTBB,oneTBB,Reproducible,canonical-reduction,pairwise,canonical-pairwise-v1-leaf1024,2,2,31,0.4401,0.47809999999999997,0.48473999999999995,0.4366,0.4854,6.139089236967266e-12,4.9973120652561916e-14,True,True,True,True,True,1
sum_scaling,double,1048576,contiguous,1,stable,oneTBB,oneTBB,Reproducible,canonical-reduction,pairwise,canonical-pairwise-v1-leaf1024,4,4,31,0.2453,0.2808,0.34295999999999993,0.2385,0.3678,6.139089236967266e-12,4.9973120652561916e-14,True,True,True,True,True,1
sum_scaling,double,1048576,contiguous,1,stable,oneTBB,oneTBB,Reproducible,canonical-reduction,pairwise,canonical-pairwise-v1-leaf1024,8,8,31,0.155,0.18445,0.20325,0.1466,0.21,6.139089236967266e-12,4.9973120652561916e-14,True,True,True,True,True,1
